groups,Ex,Ey,Px,Py,XLimit,YLimit,ProbX,rounds,epsilon,plotResult,delay,timeLimit,pause,weightVector
"[[1,2,3,4,5,6,7,8,9,10,11,12]]",50,50,100,94,100,100,0.5,5,2.0,TRUE,0.2,60,FALSE,"[0.001745, 0.000873, 0.000436, 0.000218, 0.000109]"
"[[1,2,3,4,5,6,7,8,9,10,11,12]]",100,0,100,88,100,100,0.5,5,2.0,TRUE,0.2,60,FALSE,"[0.001745, 0.000873, 0.000436, 0.000218, 0.000109]"
"[[1,2,3,4,5,6,7,8,9,10,11,12]]",100,0,100,82,100,100,0.5,5,2.0,TRUE,0.2,60,FALSE,"[0.001745, 0.000873, 0.000436, 0.000218, 0.000109]"